﻿Designator,Footprint,Quantity,Value,LCSC Part #
"C1, C2, CMOSFET1, CMOSFET3",0603,4,10u,
C3,0603,1,1 pF,
C4,0603,1,0.01 uF,
C5,0603,1,0.1 uF,
D1,SOT-23,1,D_Schottky_Dual_CommonCathode_AAK_Parallel,
"D11, D9",D_SOD-523,2,D_Zener,
"D3, D4, D5",P26_DO-214AA_SMB,3,SMBJ15D-M3I,
D6,TO-263-2,1,STPS2045CG-TR,
D7,P26_DO-214AA_SMB,1,D_Schottky,
D8,DIOM5226X223N,1,STPS140A,
"F1, F2",FUSE_3568,2,01220088Z,
J1,SuppMon,1,53307-2471,
J10,AMASS_XT60-M_1x02_P7.20mm_Vertical,1,Conn_01x02,
J2,Molex_Nano-Fit_105309-xx04_1x04_P2.50mm_Vertical,1,Conn_01x04,
"J3, J5, J8",AMASS_XT30U-M_1x02_P5.0mm_Vertical,3,Conn_01x02,
J4,Molex_Nano-Fit_105309-xx02_1x02_P2.50mm_Vertical,1,CarCANConnector,
J6,LVMux,1,53307-2471,
J7,SuppCharger,1,53307-2471,
J9,AMASS_XT30UPB-M_1x02_P5.0mm_Vertical,1,Conn_01x02,
L1,WE-LHMI_7030_705048,1,74437349100,
"Q1, Q2, Q3, Q4",TO200P800X182-5N,4,SQJQ140E-T1_GE3,
Q6,DPAK3-CASE-369AS,1,FDD6637,
Q8,STD35NF06T4,1,STD35NF06T4,
"R1, R2",2512,2,R,
"R10, R11, R12, R17, R8, R9",0603,6,15K,
"R13, R14, R15, R16",0603,4,10k,
R19,2512,1,WSL2512R2000FEA,
"R3, R4",0603,2,1.2,
"R5, R6",RESC6432X89N,2,1.5m,
R7,0603,1,1k,
U1,HTSSOP-16-1EP_4.4x5mm_P0.65mm_EP3.4x5mm_Mask2.66x2.46mm_ThermalVias,1,TPS27SA08-Q1,
U2,Maxi_Carrier_Connector,1,DCDC,
"U3, U6",DPAK_2DP-T1-GE3_VIS,2,SQJ211ELP-T1_GE3,
U4,Maxi_Carrier_Connector,1,~,
U5,LeaderSOM,1,LeaderSOM,
