﻿Designator,Footprint,Quantity,Value,LCSC Part #
"C1, C3",0603,2,.1u,
"C2, CTMR1, CTMR2",0603,3,10u,
C5,0603,1,500p,
"CCPO1, CINTVCC1",0603,2,1u,
"D1, D2, D3, D4, D5, D6",0603,6,LED,
J1,524652470,1,SLIMSTACK,
JP1,PinHeader_1x03_P2.54mm_Vertical,1,DIS2 Jumper,
JP2,PinHeader_1x03_P2.54mm_Vertical,1,RETRY Jumper,
JP3,PinHeader_1x03_P2.54mm_Vertical,1,DIS1 Jumper,
"JP4, JP5, JP6, JP7, JP8, JP9",PinHeader_1x03_P2.54mm_Vertical,6,~,
"Q10, Q9",SOT-23,2,IRLML0030,
"Q2, Q3, Q4, Q5, Q6, Q7",PMOSGSD_SOT-23_TO-236_VIS,6,SQ2315CES-T1_GE3,
"R1, R10, R12, R3, R5, R8",0603,6,5.76M,
"R11, R4",0603,2,261K,
"R13, R6",0603,2,277K,
"R14, R20",0603,2,525k,
"R15, R21",0603,2,1.6k,
"R16, R22",0603,2,2.5k,
"R17, R23",0603,2,10k,
"R18, R19",0603,2,0,
"R2, R9",0603,2,226K,
"R26, R43",0603,2,1K,
"R27, R28, R29, R30, R31, R32, R33, R34, R35, R36",0603,10,100K,
"R37, R38, R39, R40, R41, R42",0603,6,100,
"TP1, TP14, TP15, TP16, TP17, TP18, TP19, TP2, TP3, TP4, TP5, TP6, TP7",TestPoint_Pad_D1.0mm,13,TestPoint,
TP10,TestPoint_Pad_D1.0mm,1,OUT,
TP11,TestPoint_Pad_D1.0mm,1,GND,
TP12,TestPoint_Pad_D1.0mm,1,Gate1,
TP13,TestPoint_Pad_D1.0mm,1,Gate2,
TP8,TestPoint_Pad_D1.0mm,1,V1,
TP9,TestPoint_Pad_D1.0mm,1,V2,
U1,G_05-08-1640_ADI,1,LTC4421CG-PBF,
