﻿Designator,Footprint,Quantity,Value,LCSC Part #
"C1, C2",0603,2,10u,
"C3, C7",0603,2,0.1uF,
"C4, C5, CMOSFET1, CMOSFET3",0603,4,47nF,
C6,0603,1,10uF,
D1,SOT-23,1,D_Schottky_Dual_CommonCathode_AAK_Parallel,
"D10, D14, D15, D16, D17, D19, D20, D22, D8",0603,9,24V,
"D11, D9",D_SOD-523,2,D_Zener,
"D12, D21",0603,2,LED,
D13,P26_DO-214AA_SMB,1,D_Schottky,
"D2, D6",HPZRC3V0QX,2,HPZR-C3V0-QX,
"D3, D4, D5",P26_DO-214AA_SMB,3,SMBJ33D,
F1,FUSE_3568,1,3568,
F2,FUSE_05200101Z_LTF,1,Fuse,
IC1,LM74704QDDFRQ1,1,LM74704QDDFRQ1,
J1,SuppMon,1,53307-2471,
"J12, J5, J8, J9",AMASS_XT30UPB-M_1x02_P5.0mm_Vertical,4,Conn_01x02,
J13,Molex_Nano-Fit_105309-xx03_1x03_P2.50mm_Vertical,1,Conn_01x03,
J2,Molex_Nano-Fit_105309-xx04_1x04_P2.50mm_Vertical,1,Conn_01x04,
J3,AMASS_XT60-M_1x02_P7.20mm_Vertical,1,Conn_01x02,
J4,Molex_Nano-Fit_105309-xx02_1x02_P2.50mm_Vertical,1,CarCANConnector,
J6,LVMux,1,53307-2471,
J7,PinHeader_1x04_P2.54mm_Vertical,1,Conn_01x04,
LOGO1,Hallock_Image_Small,1,Dr. Hallock,
LOGO2,LHRs_LOGO,1,LHRs Logo,
"Q1, Q2, Q3, Q4, Q5",TO200P800X182-5N,5,SQJQ140E-T1_GE3,
Q8,DMTH8012LPSQ13,1,DMP34M4SPS-13,
"R1, R2",2512,2,250u,
"R10, R11, R12, R17, R22, R24, R8, R9",0603,8,10k,
"R13, R14, R20, R34",0603,4,100k,
"R18, R36",0603,2,120,
"R21, R23",0603,2,4.7k,
"R25, R26, R27, R28, R29, R30, R31, R32, R37",0603,9,4.3k,
"R3, R4",0603,2,1.2,
R38,0805,1,0,
"R5, R6",WSLF25121L300FEA,2,1.3m,
R7,0603,1,1K,
"TP1, TP10, TP12, TP13, TP2, TP27, TP28, TP3, TP4, TP5, TP6, TP7",TestPoint_Pad_D2.5mm,12,TestPoint,
"TP11, TP14, TP15, TP17, TP18, TP19, TP21, TP22, TP23, TP24, TP9",TestPoint_THTPad_D3.0mm_Drill1.5mm,11,TestPoint,
U1,HTSSOP-16-1EP_4.4x5mm_P0.65mm_EP3.4x5mm_Mask2.66x2.46mm_ThermalVias,1,TPS27SA08-Q1,
U2,Maxi_Carrier_Connector,1,DCDC,
U4,Maxi_Carrier_Connector,1,~,
U5,LeaderSOM,1,LeaderSOM,
U8,SuppCharger,1,Supp Charger,
